ImageID,ClassName,XMin,YMin,XMax,YMax,Confidence
2008_000023.jpg,tvmonitor,0.015015015015015015,0.0,0.93993993993994,0.522,1
2008_000070.jpg,tvmonitor,0.358,0.6906666666666667,0.424,0.7786666666666666,1
2008_000093.jpg,tvmonitor,0.782,0.005333333333333333,0.956,0.25066666666666665,1
2008_000202.jpg,tvmonitor,0.032,0.11411411411411411,0.316,0.46846846846846846,1
2008_000309.jpg,tvmonitor,0.0,0.10455764075067024,0.194,0.5924932975871313,1
2008_000309.jpg,tvmonitor,0.478,0.42359249329758714,0.824,0.8793565683646113,1
2008_000348.jpg,tvmonitor,0.368,0.41711229946524064,0.556,0.7058823529411765,1
2008_000348.jpg,tvmonitor,0.546,0.21657754010695188,0.726,0.5320855614973262,1
2008_000495.jpg,tvmonitor,0.0,0.13866666666666666,0.312,0.5466666666666666,1
2008_000578.jpg,tvmonitor,0.106,0.5093333333333333,0.77,0.9973333333333333,1
2008_001021.jpg,tvmonitor,0.0,0.306,0.4666666666666667,0.71,1
2008_001073.jpg,tvmonitor,0.522,0.208,0.898,0.704,1
2008_001130.jpg,tvmonitor,0.436,0.4053333333333333,0.624,0.688,1
2008_001143.jpg,tvmonitor,0.584,0.47904191616766467,0.672,0.6317365269461078,1
2008_001143.jpg,tvmonitor,0.638,0.5538922155688623,0.724,0.7544910179640718,1
2008_001461.jpg,tvmonitor,0.864,0.19466666666666665,0.994,0.328,1
2008_001576.jpg,tvmonitor,0.384,0.0,0.744,0.27927927927927926,1
2008_001641.jpg,tvmonitor,0.33066666666666666,0.432,0.536,0.562,1
2008_001704.jpg,tvmonitor,0.0,0.07466666666666667,0.472,0.6853333333333333,1
2008_001781.jpg,tvmonitor,0.7158119658119658,0.4775641025641026,0.8867521367521367,0.6955128205128205,1
2008_001880.jpg,tvmonitor,0.02032520325203252,0.004,0.9613821138211383,0.98,1
2008_001888.jpg,tvmonitor,0.602,0.26047904191616766,0.764,0.592814371257485,1
2008_001888.jpg,tvmonitor,0.768,0.09580838323353294,0.828,0.1497005988023952,1
2008_001896.jpg,tvmonitor,0.806,0.4744744744744745,0.98,0.7747747747747747,1
2008_001997.jpg,tvmonitor,0.714,0.12266666666666666,0.902,0.384,1
2008_001997.jpg,tvmonitor,0.014,0.336,0.168,0.688,1
2008_002066.jpg,tvmonitor,0.166,0.2440318302387268,0.77,0.9973474801061007,1
2008_002119.jpg,tvmonitor,0.362,0.05333333333333334,0.446,0.18933333333333333,1
2008_002218.jpg,tvmonitor,0.172,0.49066666666666664,0.506,0.8506666666666667,1
2008_002547.jpg,tvmonitor,0.074,0.20266666666666666,0.84,0.9706666666666667,1
2008_002638.jpg,tvmonitor,0.396,0.2277580071174377,0.46,0.4128113879003559,1
2008_002650.jpg,tvmonitor,0.0,0.0,0.7310344827586207,0.698,1
2008_002676.jpg,tvmonitor,0.24,0.5546666666666666,0.712,0.9973333333333333,1
2008_002776.jpg,tvmonitor,0.014,0.15315315315315314,0.27,0.4804804804804805,1
2008_002954.jpg,tvmonitor,0.456973293768546,0.572,0.8249258160237388,0.776,1
2008_003037.jpg,tvmonitor,0.16,0.6773333333333333,0.222,0.7573333333333333,1
2008_003200.jpg,tvmonitor,0.0,0.008,0.7369565217391304,0.666,1
2008_003213.jpg,tvmonitor,0.0,0.16666666666666666,0.2875,0.5966666666666667,1
2008_003248.jpg,tvmonitor,0.36,0.27627627627627627,0.662,0.5855855855855856,1
2008_003248.jpg,tvmonitor,0.0,0.27927927927927926,0.206,0.7987987987987988,1
2008_003264.jpg,tvmonitor,0.21,0.464,0.286,0.5786666666666667,1
2008_003434.jpg,tvmonitor,0.43,0.17866666666666667,0.914,0.6133333333333333,1
2008_003435.jpg,tvmonitor,0.062,0.032,0.998,0.9573333333333334,1
2008_003500.jpg,tvmonitor,0.0,0.036,0.9733333333333334,0.676,1
2008_003585.jpg,tvmonitor,0.0,0.06133333333333333,0.592,0.864,1
2008_003589.jpg,tvmonitor,0.428,0.6746666666666666,0.552,0.8666666666666667,1
2008_003667.jpg,tvmonitor,0.10133333333333333,0.42,0.7786666666666666,0.856,1
2008_003712.jpg,tvmonitor,0.20279720279720279,0.0,0.4988344988344988,0.09,1
2008_003712.jpg,tvmonitor,0.20745920745920746,0.378,0.3473193473193473,0.558,1
2008_003814.jpg,tvmonitor,0.866,0.5462686567164179,0.998,0.7970149253731343,1
2008_003883.jpg,tvmonitor,0.272,0.0,0.698,0.288,1
2008_003995.jpg,tvmonitor,0.58,0.4666666666666667,0.84,0.784,1
2008_004004.jpg,tvmonitor,0.052,0.06306306306306306,0.946,0.963963963963964,1
2008_004008.jpg,tvmonitor,0.414,0.22933333333333333,0.586,0.432,1
2008_004097.jpg,tvmonitor,0.344,0.10933333333333334,0.54,0.352,1
2008_004217.jpg,tvmonitor,0.08,0.24338624338624337,0.452,0.716931216931217,1
2008_004259.jpg,tvmonitor,0.146,0.16290726817042606,0.846,0.9598997493734336,1
2008_004301.jpg,tvmonitor,0.066,0.2986666666666667,0.574,0.9626666666666667,1
2008_004321.jpg,tvmonitor,0.858,0.4984984984984985,0.998,0.7537537537537538,1
2008_004492.jpg,tvmonitor,0.616,0.688,0.942,0.9973333333333333,1
2008_004506.jpg,tvmonitor,0.088,0.2613333333333333,0.224,0.4186666666666667,1
2008_004506.jpg,tvmonitor,0.23,0.30933333333333335,0.354,0.45066666666666666,1
2008_004506.jpg,tvmonitor,0.35,0.296,0.486,0.45066666666666666,1
2008_004506.jpg,tvmonitor,0.48,0.304,0.608,0.472,1
2008_004506.jpg,tvmonitor,0.54,0.5626666666666666,0.61,0.64,1
2008_004661.jpg,tvmonitor,0.842,0.6996996996996997,0.998,0.996996996996997,1
2008_004719.jpg,tvmonitor,0.056,0.16266666666666665,0.506,0.7333333333333333,1
2008_004719.jpg,tvmonitor,0.506,0.13866666666666666,0.94,0.7013333333333334,1
2008_004781.jpg,tvmonitor,0.428,0.2852852852852853,0.998,0.996996996996997,1
2008_004807.jpg,tvmonitor,0.456,0.542,0.8906666666666667,0.794,1
2008_004908.jpg,tvmonitor,0.234,0.11387900355871886,0.452,0.18861209964412812,1
2008_004908.jpg,tvmonitor,0.148,0.17793594306049823,0.47,0.6761565836298933,1
2008_004908.jpg,tvmonitor,0.472,0.18149466192170818,0.784,0.6725978647686833,1
2008_004961.jpg,tvmonitor,0.7651933701657458,0.0,0.9972375690607734,0.4149377593360996,1
2008_005006.jpg,tvmonitor,0.22736418511066397,0.304,0.647887323943662,0.654,1
2008_005064.jpg,tvmonitor,0.146,0.64,0.77,0.9975,1
2008_005066.jpg,tvmonitor,0.0,0.1347708894878706,0.128,0.555256064690027,1
2008_005090.jpg,tvmonitor,0.736,0.47,0.9866666666666667,0.642,1
2008_005094.jpg,tvmonitor,0.012,0.44533333333333336,0.186,0.624,1
2008_005231.jpg,tvmonitor,0.4693333333333333,0.14,0.8666666666666667,0.36,1
2008_005329.jpg,tvmonitor,0.322,0.26666666666666666,0.482,0.5333333333333333,1
2008_005342.jpg,tvmonitor,0.664,0.33866666666666667,0.912,0.6,1
2008_005569.jpg,tvmonitor,0.0,0.046,0.2826666666666667,0.366,1
2008_005609.jpg,tvmonitor,0.0,0.0,0.9973333333333333,0.864,1
2008_005625.jpg,tvmonitor,0.078,0.49066666666666664,0.282,0.7413333333333333,1
2008_005639.jpg,tvmonitor,0.026,0.264,0.228,0.5093333333333333,1
2008_005678.jpg,tvmonitor,0.236,0.22666666666666666,0.876,0.912,1
2008_005817.jpg,tvmonitor,0.354,0.24924924924924924,0.62,0.5465465465465466,1
2008_005817.jpg,tvmonitor,0.594,0.5705705705705706,0.698,0.7957957957957958,1
2008_005929.jpg,tvmonitor,0.412,0.0,0.896,0.552,1
2008_005954.jpg,tvmonitor,0.386,0.2613333333333333,0.628,0.4533333333333333,1
2008_005967.jpg,tvmonitor,0.41,0.248,0.588,0.45066666666666666,1
2008_005976.jpg,tvmonitor,0.05,0.06722689075630252,0.99,0.896358543417367,1
2008_006062.jpg,tvmonitor,0.412,0.56,0.598,0.8,1
2008_006135.jpg,tvmonitor,0.04,0.482,0.35733333333333334,0.72,1
2008_006136.jpg,tvmonitor,0.356,0.264,0.612,0.568,1
2008_006136.jpg,tvmonitor,0.858,0.6346666666666667,0.998,0.8426666666666667,1
2008_006271.jpg,tvmonitor,0.04,0.44533333333333336,0.234,0.68,1
2008_006271.jpg,tvmonitor,0.46,0.584,0.6,0.7466666666666667,1
2008_006271.jpg,tvmonitor,0.264,0.5786666666666667,0.392,0.7333333333333333,1
2008_006273.jpg,tvmonitor,0.308,0.6373333333333333,0.834,0.9973333333333333,1
2008_006295.jpg,tvmonitor,0.32,0.08266666666666667,0.672,0.5253333333333333,1
2008_006373.jpg,tvmonitor,0.484,0.0,0.93,0.4266666666666667,1
2008_006373.jpg,tvmonitor,0.144,0.5893333333333334,0.352,0.872,1
2008_006433.jpg,tvmonitor,0.222,0.4,0.45,0.7973333333333333,1
2008_006606.jpg,tvmonitor,0.73,0.48348348348348347,0.858,0.6876876876876877,1
2008_006606.jpg,tvmonitor,0.478,0.45345345345345345,0.566,0.5615615615615616,1
2008_006606.jpg,tvmonitor,0.214,0.45645645645645644,0.362,0.6276276276276276,1
2008_006624.jpg,tvmonitor,0.2672672672672673,0.498,0.4924924924924925,0.622,1
2008_006668.jpg,tvmonitor,0.15,0.029333333333333333,0.8,0.7306666666666667,1
2008_006719.jpg,tvmonitor,0.342,0.31733333333333336,0.468,0.45866666666666667,1
2008_006733.jpg,tvmonitor,0.432,0.08259587020648967,0.702,0.44542772861356933,1
2008_006733.jpg,tvmonitor,0.704,0.23008849557522124,0.82,0.6489675516224189,1
2008_006733.jpg,tvmonitor,0.876,0.3333333333333333,0.998,0.8053097345132744,1
2008_006946.jpg,tvmonitor,0.436,0.408,0.636,0.6746666666666666,1
2008_006946.jpg,tvmonitor,0.628,0.4026666666666667,0.834,0.6533333333333333,1
2008_007038.jpg,tvmonitor,0.744,0.25333333333333335,0.998,0.6746666666666666,1
2008_007097.jpg,tvmonitor,0.5520833333333334,0.19722222222222222,0.6458333333333334,0.2916666666666667,1
2008_007217.jpg,tvmonitor,0.0,0.16533333333333333,0.456,0.9973333333333333,1
2008_007242.jpg,tvmonitor,0.16,0.048,0.458,0.296,1
2008_007246.jpg,tvmonitor,0.068,0.5705705705705706,0.296,0.8198198198198198,1
2008_007246.jpg,tvmonitor,0.482,0.5345345345345346,0.69,0.7897897897897898,1
2008_007246.jpg,tvmonitor,0.374,0.4804804804804805,0.498,0.6546546546546547,1
2008_007246.jpg,tvmonitor,0.124,0.4954954954954955,0.258,0.5975975975975976,1
2008_007246.jpg,tvmonitor,0.132,0.4624624624624625,0.228,0.5105105105105106,1
2008_007246.jpg,tvmonitor,0.136,0.4294294294294294,0.21,0.4744744744744745,1
2008_007246.jpg,tvmonitor,0.254,0.4144144144144144,0.328,0.5135135135135135,1
2008_007246.jpg,tvmonitor,0.312,0.45345345345345345,0.402,0.5735735735735735,1
2008_007246.jpg,tvmonitor,0.516,0.42342342342342343,0.586,0.5075075075075075,1
2008_007246.jpg,tvmonitor,0.61,0.43243243243243246,0.704,0.5375375375375375,1
2008_007246.jpg,tvmonitor,0.732,0.44744744744744747,0.868,0.5825825825825826,1
2008_007246.jpg,tvmonitor,0.856,0.4174174174174174,0.944,0.5075075075075075,1
2008_007246.jpg,tvmonitor,0.884,0.44144144144144143,0.998,0.5645645645645646,1
2008_007246.jpg,tvmonitor,0.62,0.42342342342342343,0.698,0.45045045045045046,1
2008_007246.jpg,tvmonitor,0.722,0.4114114114114114,0.796,0.4894894894894895,1
2008_007246.jpg,tvmonitor,0.518,0.36936936936936937,0.582,0.44144144144144143,1
2008_007246.jpg,tvmonitor,0.564,0.3843843843843844,0.628,0.45345345345345345,1
2008_007281.jpg,tvmonitor,0.794,0.384,0.854,0.6106666666666667,1
2008_007361.jpg,tvmonitor,0.072,0.13066666666666665,0.23,0.2773333333333333,1
2008_007696.jpg,tvmonitor,0.626,0.25866666666666666,0.846,0.512,1
2008_007864.jpg,tvmonitor,0.5653333333333334,0.192,0.9973333333333333,0.586,1
2008_007916.jpg,tvmonitor,0.526,0.45866666666666667,0.846,0.8106666666666666,1
2008_007962.jpg,tvmonitor,0.168,0.2826666666666667,0.414,0.6373333333333333,1
2008_007987.jpg,tvmonitor,0.26875,0.0,0.6145833333333334,0.3111111111111111,1
2008_007990.jpg,tvmonitor,0.0,0.42,0.085,0.6966666666666667,1
2008_008206.jpg,tvmonitor,0.46,0.5015384615384615,0.558,0.6461538461538462,1
2008_008276.jpg,tvmonitor,0.518,0.29874213836477986,0.588,0.41509433962264153,1
2008_008590.jpg,tvmonitor,0.772,0.2618384401114206,0.998,0.5459610027855153,1
2008_008608.jpg,tvmonitor,0.242,0.33866666666666667,0.408,0.528,1
2008_008649.jpg,tvmonitor,0.444,0.208,0.58,0.37866666666666665,1
2009_000010.jpg,tvmonitor,0.07,0.4053333333333333,0.246,0.64,1
2009_000014.jpg,tvmonitor,0.682,0.2773333333333333,0.894,0.5546666666666666,1
2009_000336.jpg,tvmonitor,0.006,0.09009009009009009,0.534,0.8498498498498499,1
2009_000439.jpg,tvmonitor,0.112,0.5173333333333333,0.214,0.7653333333333333,1
2009_000444.jpg,tvmonitor,0.07,0.045,0.406,0.495,1
2009_000444.jpg,tvmonitor,0.394,0.005,0.558,0.365,1
2009_000544.jpg,tvmonitor,0.36533333333333334,0.0,0.9973333333333333,0.418,1
2009_000585.jpg,tvmonitor,0.146,0.050666666666666665,0.936,0.9973333333333333,1
2009_000629.jpg,tvmonitor,0.036,0.17333333333333334,0.164,0.31733333333333336,1
2009_000629.jpg,tvmonitor,0.356,0.32,0.542,0.6506666666666666,1
2009_000629.jpg,tvmonitor,0.278,0.2986666666666667,0.436,0.5893333333333334,1
2009_000629.jpg,tvmonitor,0.524,0.21333333333333335,0.574,0.432,1
2009_000629.jpg,tvmonitor,0.57,0.23733333333333334,0.682,0.4533333333333333,1
2009_000679.jpg,tvmonitor,0.132,0.0,0.87,0.9386666666666666,1
2009_000679.jpg,tvmonitor,0.0,0.0,0.094,0.7226666666666667,1
2009_000722.jpg,tvmonitor,0.33066666666666666,0.37,0.472,0.462,1
2009_000848.jpg,tvmonitor,0.062,0.058666666666666666,0.378,0.45866666666666667,1
2009_000848.jpg,tvmonitor,0.362,0.037333333333333336,0.736,0.37333333333333335,1
2009_000895.jpg,tvmonitor,0.186,0.15384615384615385,0.504,0.8741258741258742,1
2009_000895.jpg,tvmonitor,0.516,0.08041958041958042,0.794,0.7062937062937062,1
2009_000981.jpg,tvmonitor,0.37,0.11746987951807229,0.904,0.7650602409638554,1
2009_000987.jpg,tvmonitor,0.0,0.17,0.36826347305389223,0.45,1
2009_001103.jpg,tvmonitor,0.0,0.4666666666666667,0.318,0.9973333333333333,1
2009_001111.jpg,tvmonitor,0.298,0.10850439882697947,0.592,0.5777126099706745,1
2009_001111.jpg,tvmonitor,0.026,0.17888563049853373,0.098,0.5131964809384164,1
2009_001111.jpg,tvmonitor,0.4,0.7917888563049853,0.572,0.9648093841642229,1
2009_001133.jpg,tvmonitor,0.455026455026455,0.0,0.9973544973544973,0.118,1
2009_001188.jpg,tvmonitor,0.512,0.216,0.758,0.5253333333333333,1
2009_001357.jpg,tvmonitor,0.546,0.3888888888888889,0.674,0.601010101010101,1
2009_001452.jpg,tvmonitor,0.056,0.015015015015015015,0.924,0.9519519519519519,1
2009_001553.jpg,tvmonitor,0.868,0.5735735735735735,0.998,0.8018018018018018,1
2009_001555.jpg,tvmonitor,0.598,0.232,0.998,0.64,1
2009_001605.jpg,tvmonitor,0.0,0.0,0.066,0.17866666666666667,1
2009_001608.jpg,tvmonitor,0.7573333333333333,0.294,0.8773333333333333,0.456,1
2009_001615.jpg,tvmonitor,0.052,0.5306666666666666,0.358,0.8933333333333333,1
2009_001779.jpg,tvmonitor,0.23353293413173654,0.17,0.5958083832335329,0.464,1
2009_001779.jpg,tvmonitor,0.5508982035928144,0.178,0.9341317365269461,0.436,1
2009_001809.jpg,tvmonitor,0.672,0.02666666666666667,0.822,0.22933333333333333,1
2009_001812.jpg,tvmonitor,0.17333333333333334,0.124,0.9466666666666667,0.678,1
2009_001874.jpg,tvmonitor,0.798,0.23466666666666666,0.992,0.43733333333333335,1
2009_001875.jpg,tvmonitor,0.392,0.024024024024024024,0.754,0.4924924924924925,1
2009_001961.jpg,tvmonitor,0.19,0.050666666666666665,0.712,0.56,1
2009_001964.jpg,tvmonitor,0.616,0.0,0.998,0.4026666666666667,1
2009_002331.jpg,tvmonitor,0.026,0.408,0.066,0.47733333333333333,1
2009_002331.jpg,tvmonitor,0.108,0.4026666666666667,0.162,0.472,1
2009_002331.jpg,tvmonitor,0.53,0.432,0.596,0.5093333333333333,1
2009_002331.jpg,tvmonitor,0.488,0.4186666666666667,0.52,0.504,1
2009_002331.jpg,tvmonitor,0.68,0.424,0.758,0.5173333333333333,1
2009_002409.jpg,tvmonitor,0.62,0.04792332268370607,0.988,0.6773162939297125,1
2009_002652.jpg,tvmonitor,0.238,0.10810810810810811,0.708,0.6786786786786787,1
2009_002705.jpg,tvmonitor,0.258,0.07733333333333334,0.998,0.8346666666666667,1
2009_002758.jpg,tvmonitor,0.416,0.06306306306306306,0.722,0.5795795795795796,1
2009_002820.jpg,tvmonitor,0.1,0.0,0.99,0.33066666666666666,1
2009_002827.jpg,tvmonitor,0.82,0.4106666666666667,0.942,0.856,1
2009_002849.jpg,tvmonitor,0.634,0.216,0.938,0.5653333333333334,1
2009_002872.jpg,tvmonitor,0.092,0.42933333333333334,0.28,0.6826666666666666,1
2009_002932.jpg,tvmonitor,0.068,0.52,0.206,0.7093333333333334,1
2009_002970.jpg,tvmonitor,0.356,0.2072072072072072,0.466,0.4264264264264264,1
2009_002970.jpg,tvmonitor,0.298,0.5075075075075075,0.452,0.7507507507507507,1
2009_002970.jpg,tvmonitor,0.194,0.6756756756756757,0.282,0.8168168168168168,1
2009_002970.jpg,tvmonitor,0.166,0.8888888888888888,0.268,0.996996996996997,1
2009_002970.jpg,tvmonitor,0.516,0.8708708708708709,0.632,0.996996996996997,1
2009_002970.jpg,tvmonitor,0.272,0.8318318318318318,0.358,0.984984984984985,1
2009_002970.jpg,tvmonitor,0.6,0.8768768768768769,0.822,0.996996996996997,1
2009_002970.jpg,tvmonitor,0.768,0.06306306306306306,0.97,0.3333333333333333,1
2009_002970.jpg,tvmonitor,0.754,0.6966966966966966,0.94,0.933933933933934,1
2009_002970.jpg,tvmonitor,0.936,0.6966966966966966,0.998,0.9459459459459459,1
2009_002984.jpg,tvmonitor,0.26,0.22133333333333333,0.58,0.712,1
2009_002984.jpg,tvmonitor,0.638,0.264,0.948,0.5733333333333334,1
2009_002984.jpg,tvmonitor,0.774,0.23466666666666666,0.998,0.52,1
2009_003078.jpg,tvmonitor,0.028,0.29333333333333333,0.236,0.5093333333333333,1
2009_003093.jpg,tvmonitor,0.28,0.104,0.718,0.512,1
2009_003157.jpg,tvmonitor,0.45345345345345345,0.31,0.5585585585585585,0.374,1
2009_003265.jpg,tvmonitor,0.442,0.32432432432432434,0.6,0.4894894894894895,1
2009_003316.jpg,tvmonitor,0.434,0.12,0.814,0.6346666666666667,1
2009_003367.jpg,tvmonitor,0.14644351464435146,0.0,0.8807531380753139,0.5995623632385121,1
2009_003367.jpg,tvmonitor,0.08786610878661087,0.5010940919037199,0.803347280334728,0.9978118161925602,1
2009_003646.jpg,tvmonitor,0.216,0.31466666666666665,0.624,0.776,1
2009_003646.jpg,tvmonitor,0.032,0.368,0.214,0.6106666666666667,1
2009_003695.jpg,tvmonitor,0.764,0.568,0.886,0.7466666666666667,1
2009_003720.jpg,tvmonitor,0.564,0.2852852852852853,0.712,0.5285285285285285,1
2009_003753.jpg,tvmonitor,0.0,0.27466666666666667,0.85,0.9973333333333333,1
2009_003852.jpg,tvmonitor,0.412,0.2072072072072072,0.76,0.6486486486486487,1
2009_003920.jpg,tvmonitor,0.14,0.0,0.53,0.5285285285285285,1
2009_004165.jpg,tvmonitor,0.676,0.46706586826347307,0.74,0.5449101796407185,1
2009_004176.jpg,tvmonitor,0.0,0.0,0.83,0.9970588235294118,1
2009_004301.jpg,tvmonitor,0.256,0.3973333333333333,0.506,0.7146666666666667,1
2009_004341.jpg,tvmonitor,0.104,0.0,0.998,0.8682634730538922,1
2009_004357.jpg,tvmonitor,0.294,0.5413333333333333,0.422,0.656,1
2009_004357.jpg,tvmonitor,0.376,0.6906666666666667,0.54,0.8213333333333334,1
2009_004357.jpg,tvmonitor,0.688,0.6533333333333333,0.83,0.7813333333333333,1
2009_004357.jpg,tvmonitor,0.926,0.584,0.998,0.6293333333333333,1
2009_004357.jpg,tvmonitor,0.784,0.416,0.838,0.4693333333333333,1
2009_004357.jpg,tvmonitor,0.258,0.472,0.356,0.552,1
2009_004357.jpg,tvmonitor,0.424,0.4693333333333333,0.516,0.5413333333333333,1
2009_004357.jpg,tvmonitor,0.52,0.5333333333333333,0.628,0.6293333333333333,1
2009_004357.jpg,tvmonitor,0.374,0.42933333333333334,0.42,0.49333333333333335,1
2009_004357.jpg,tvmonitor,0.266,0.24266666666666667,0.312,0.2906666666666667,1
2009_004357.jpg,tvmonitor,0.452,0.224,0.49,0.264,1
2009_004357.jpg,tvmonitor,0.028,0.21066666666666667,0.078,0.25866666666666666,1
2009_004357.jpg,tvmonitor,0.338,0.392,0.4,0.45066666666666666,1
2009_004357.jpg,tvmonitor,0.726,0.5173333333333333,0.818,0.5973333333333334,1
2009_004357.jpg,tvmonitor,0.572,0.43466666666666665,0.658,0.5173333333333333,1
2009_004503.jpg,tvmonitor,0.698,0.30930930930930933,0.96,0.7897897897897898,1
2009_004503.jpg,tvmonitor,0.34,0.27627627627627627,0.7,0.6816816816816816,1
2009_004503.jpg,tvmonitor,0.048,0.27627627627627627,0.338,0.7567567567567568,1
2009_004519.jpg,tvmonitor,0.5446428571428571,0.11904761904761904,0.8549107142857143,0.6071428571428571,1
2009_004631.jpg,tvmonitor,0.0,0.25149700598802394,0.11,0.6227544910179641,1
2009_004719.jpg,tvmonitor,0.09,0.16266666666666665,0.908,0.92,1
2009_004760.jpg,tvmonitor,0.69,0.3626666666666667,0.808,0.5066666666666667,1
2009_004760.jpg,tvmonitor,0.8,0.38666666666666666,0.898,0.5546666666666666,1
2009_004905.jpg,tvmonitor,0.252,0.184,0.482,0.44,1
2009_004965.jpg,tvmonitor,0.156,0.3063063063063063,0.436,0.6186186186186187,1
2009_005030.jpg,tvmonitor,0.35733333333333334,0.236,0.76,0.522,1
2009_005042.jpg,tvmonitor,0.698,0.06133333333333333,0.998,0.42933333333333334,1
2009_005042.jpg,tvmonitor,0.266,0.016,0.478,0.30666666666666664,1
2009_005042.jpg,tvmonitor,0.102,0.0,0.27,0.13866666666666666,1
2009_005042.jpg,tvmonitor,0.0,0.0,0.108,0.17066666666666666,1
2009_005070.jpg,tvmonitor,0.0,0.7237237237237237,0.164,0.996996996996997,1
2009_005240.jpg,tvmonitor,0.282,0.22933333333333333,0.406,0.37333333333333335,1
2009_005256.jpg,tvmonitor,0.0,0.0,0.614,0.728,1
2010_000141.jpg,tvmonitor,0.2641509433962264,0.192,0.7681940700808625,0.474,1
2010_000386.jpg,tvmonitor,0.314,0.1921921921921922,0.434,0.3483483483483483,1
2010_000578.jpg,tvmonitor,0.0,0.33866666666666667,0.154,0.6853333333333333,1
2010_000578.jpg,tvmonitor,0.596,0.512,0.856,0.9973333333333333,1
2010_000591.jpg,tvmonitor,0.474,0.0,0.632,0.152,1
2010_000658.jpg,tvmonitor,0.232,0.048,0.416,0.2986666666666667,1
2010_000674.jpg,tvmonitor,0.5573333333333333,0.41,0.6506666666666666,0.562,1
2010_000773.jpg,tvmonitor,0.3843843843843844,0.406,0.7387387387387387,0.632,1
2010_000787.jpg,tvmonitor,0.424,0.448,0.64,0.792,1
2010_000787.jpg,tvmonitor,0.682,0.41333333333333333,0.92,0.8133333333333334,1
2010_000800.jpg,tvmonitor,0.076,0.448,0.25,0.624,1
2010_000807.jpg,tvmonitor,0.12,0.44,0.848,0.926,1
2010_000974.jpg,tvmonitor,0.11466666666666667,0.508,0.32266666666666666,0.658,1
2010_001113.jpg,tvmonitor,0.0,0.368,0.128,0.928,1
2010_001277.jpg,tvmonitor,0.934,0.288,0.998,0.5733333333333334,1
2010_001363.jpg,tvmonitor,0.568,0.52,0.97,0.884,1
2010_001363.jpg,tvmonitor,0.0,0.5,0.128,0.926,1
2010_001533.jpg,tvmonitor,0.134,0.165,0.342,0.525,1
2010_001533.jpg,tvmonitor,0.0,0.1725,0.2,0.63,1
2010_001562.jpg,tvmonitor,0.824,0.3562874251497006,0.998,0.7514970059880239,1
2010_001580.jpg,tvmonitor,0.69,0.44,0.946,0.7653333333333333,1
2010_001780.jpg,tvmonitor,0.294,0.3893333333333333,0.646,0.7946666666666666,1
2010_001860.jpg,tvmonitor,0.42133333333333334,0.0,0.9973333333333333,0.242,1
2010_001939.jpg,tvmonitor,0.688,0.36,0.874,0.576,1
2010_002015.jpg,tvmonitor,0.478,0.336,0.636,0.5253333333333333,1
2010_002097.jpg,tvmonitor,0.56,0.34933333333333333,0.858,0.7306666666666667,1
2010_002097.jpg,tvmonitor,0.094,0.31733333333333336,0.45,0.7813333333333333,1
2010_002152.jpg,tvmonitor,0.0,0.0,0.998,0.5253333333333333,1
2010_002193.jpg,tvmonitor,0.634,0.264,0.856,0.5386666666666666,1
2010_002327.jpg,tvmonitor,0.554,0.24533333333333332,0.944,0.7546666666666667,1
2010_002327.jpg,tvmonitor,0.02,0.26666666666666666,0.474,0.8293333333333334,1
2010_002513.jpg,tvmonitor,0.082,0.248,0.966,0.9973333333333333,1
2010_002567.jpg,tvmonitor,0.33432835820895523,0.33,0.6507462686567164,0.536,1
2010_002567.jpg,tvmonitor,0.16716417910447762,0.0,0.4626865671641791,0.15,1
2010_002686.jpg,tvmonitor,0.304,0.424,0.472,0.6266666666666667,1
2010_002742.jpg,tvmonitor,0.2,0.09333333333333334,0.33,0.23466666666666666,1
2010_002843.jpg,tvmonitor,0.658,0.0026666666666666666,0.998,0.5653333333333334,1
2010_002982.jpg,tvmonitor,0.0,0.267223382045929,0.26,0.5845511482254697,1
2010_003035.jpg,tvmonitor,0.76,0.15151515151515152,0.996,0.6060606060606061,1
2010_003035.jpg,tvmonitor,0.016,0.23030303030303031,0.208,0.49696969696969695,1
2010_003137.jpg,tvmonitor,0.06133333333333333,0.53,0.24266666666666667,0.652,1
2010_003241.jpg,tvmonitor,0.094,0.034666666666666665,0.246,0.22666666666666666,1
2010_003405.jpg,tvmonitor,0.21333333333333335,0.016,0.744,0.952,1
2010_003436.jpg,tvmonitor,0.0,0.14133333333333334,0.18,0.336,1
2010_003437.jpg,tvmonitor,0.228,0.25,0.704,0.7875,1
2010_003674.jpg,tvmonitor,0.664,0.5979381443298969,0.97,0.8737113402061856,1
2010_003719.jpg,tvmonitor,0.598,0.13333333333333333,0.718,0.2853333333333333,1
2010_003719.jpg,tvmonitor,0.292,0.10666666666666667,0.434,0.31466666666666665,1
2010_003770.jpg,tvmonitor,0.766,0.4144144144144144,0.934,0.6186186186186187,1
2010_003844.jpg,tvmonitor,0.292,0.022922636103151862,0.828,0.5702005730659025,1
2010_003864.jpg,tvmonitor,0.58,0.3044776119402985,0.716,0.5044776119402985,1
2010_003874.jpg,tvmonitor,0.0,0.0,0.258,0.8858858858858859,1
2010_003892.jpg,tvmonitor,0.382,0.12,0.464,0.22133333333333333,1
2010_003892.jpg,tvmonitor,0.052,0.136,0.346,0.43466666666666665,1
2010_004009.jpg,tvmonitor,0.30133333333333334,0.248,0.672,0.54,1
2010_004009.jpg,tvmonitor,0.25066666666666665,0.602,0.6026666666666667,0.824,1
2010_004109.jpg,tvmonitor,0.048,0.1880597014925373,0.352,0.5373134328358209,1
2010_004249.jpg,tvmonitor,0.7,0.45345345345345345,0.93,0.7627627627627628,1
2010_004295.jpg,tvmonitor,0.255,0.09333333333333334,0.5625,0.5166666666666667,1
2010_004306.jpg,tvmonitor,0.232,0.0,0.66,0.44610778443113774,1
2010_004358.jpg,tvmonitor,0.142,0.20533333333333334,0.272,0.4,1
2010_004368.jpg,tvmonitor,0.37,0.06933333333333333,0.58,0.30666666666666664,1
2010_004429.jpg,tvmonitor,0.808,0.22666666666666666,0.898,0.3546666666666667,1
2010_004523.jpg,tvmonitor,0.4,0.35185185185185186,0.778,0.783068783068783,1
2010_004591.jpg,tvmonitor,0.326,0.21066666666666667,0.69,0.552,1
2010_004805.jpg,tvmonitor,0.476,0.33866666666666667,0.566,0.45066666666666666,1
2010_004816.jpg,tvmonitor,0.0,0.0,0.268,0.38133333333333336,1
2010_004944.jpg,tvmonitor,0.0,0.2986666666666667,0.242,0.6853333333333333,1
2010_005054.jpg,tvmonitor,0.17,0.2972972972972973,0.24,0.6216216216216216,1
2010_005071.jpg,tvmonitor,0.534,0.0,0.872,0.3473053892215569,1
2010_005133.jpg,tvmonitor,0.196,0.304,0.75,0.8826666666666667,1
2010_005190.jpg,tvmonitor,0.08,0.37,0.43733333333333335,0.65,1
2010_005371.jpg,tvmonitor,0.32,0.30933333333333335,0.432,0.44533333333333336,1
2010_005450.jpg,tvmonitor,0.474,0.08,0.976,0.5413333333333333,1
2010_005678.jpg,tvmonitor,0.038,0.037333333333333336,0.998,0.9546666666666667,1
2010_005744.jpg,tvmonitor,0.29,0.3003003003003003,0.598,0.7537537537537538,1
2010_005805.jpg,tvmonitor,0.0,0.284,0.9973333333333333,0.998,1
2010_005841.jpg,tvmonitor,0.296,0.3466666666666667,0.686,0.6986666666666667,1
2010_005841.jpg,tvmonitor,0.74,0.2986666666666667,0.998,0.7306666666666667,1
2010_005841.jpg,tvmonitor,0.0,0.33866666666666667,0.23,0.744,1
2010_005930.jpg,tvmonitor,0.25333333333333335,0.516,0.42133333333333334,0.644,1
2010_006050.jpg,tvmonitor,0.002,0.22281167108753316,0.034,0.46153846153846156,1
2010_006050.jpg,tvmonitor,0.0,0.050397877984084884,0.15,0.27851458885941643,1
2010_006050.jpg,tvmonitor,0.146,0.23076923076923078,0.346,0.4376657824933687,1
2010_006050.jpg,tvmonitor,0.352,0.2493368700265252,0.484,0.34748010610079577,1
2010_006050.jpg,tvmonitor,0.576,0.246684350132626,0.758,0.46684350132625996,1
2010_006050.jpg,tvmonitor,0.84,0.35278514588859416,0.998,0.5729442970822282,1
2011_000072.jpg,tvmonitor,0.706,0.10666666666666667,0.84,0.2826666666666667,1
2011_000192.jpg,tvmonitor,0.66,0.2693333333333333,0.808,0.4533333333333333,1
2011_000290.jpg,tvmonitor,0.0,0.428,0.19466666666666665,0.61,1
2011_000317.jpg,tvmonitor,0.7945945945945946,0.322,0.9972972972972973,0.59,1
2011_000382.jpg,tvmonitor,0.024,0.144,0.254,0.488,1
2011_000382.jpg,tvmonitor,0.232,0.072,0.558,0.3626666666666667,1
2011_000399.jpg,tvmonitor,0.704,0.30133333333333334,0.884,0.504,1
2011_000400.jpg,tvmonitor,0.36,0.374,0.568,0.518,1
2011_000434.jpg,tvmonitor,0.078,0.16533333333333333,0.242,0.36533333333333334,1
2011_000444.jpg,tvmonitor,0.092,0.04338394793926247,0.992,0.9414316702819957,1
2011_000499.jpg,tvmonitor,0.384,0.31736526946107785,0.438,0.39520958083832336,1
2011_000567.jpg,tvmonitor,0.63,0.0026666666666666666,0.688,0.15466666666666667,1
2011_000755.jpg,tvmonitor,0.04533333333333334,0.264,0.39466666666666667,0.568,1
2011_001093.jpg,tvmonitor,0.606,0.18617021276595744,0.872,0.4601063829787234,1
2011_001302.jpg,tvmonitor,0.094,0.042042042042042045,0.346,0.3843843843843844,1
2011_001302.jpg,tvmonitor,0.32,0.009009009009009009,0.574,0.34234234234234234,1
2011_001302.jpg,tvmonitor,0.566,0.036036036036036036,0.82,0.3813813813813814,1
2011_001357.jpg,tvmonitor,0.242,0.39156626506024095,0.462,0.6295180722891566,1
2011_001394.jpg,tvmonitor,0.2,0.648,0.536,0.9973333333333333,1
2011_001394.jpg,tvmonitor,0.872,0.6933333333333334,0.998,0.9973333333333333,1
2011_001456.jpg,tvmonitor,0.0,0.538,0.12834224598930483,0.752,1
2011_001466.jpg,tvmonitor,0.466,0.33066666666666666,0.586,0.5253333333333333,1
2011_001621.jpg,tvmonitor,0.84,0.0,0.998,0.528,1
2011_001689.jpg,tvmonitor,0.296,0.4053333333333333,0.42,0.56,1
2011_001730.jpg,tvmonitor,0.536,0.39466666666666667,0.962,0.9973333333333333,1
2011_001833.jpg,tvmonitor,0.0,0.38,0.17333333333333334,0.688,1
2011_001926.jpg,tvmonitor,0.144,0.1002710027100271,0.922,0.997289972899729,1
2011_001928.jpg,tvmonitor,0.314,0.15901060070671377,0.6,0.5547703180212014,1
2011_001938.jpg,tvmonitor,0.6333333333333333,0.2222222222222222,0.7833333333333333,0.4,1
2011_001977.jpg,tvmonitor,0.374,0.4521276595744681,0.486,0.5851063829787234,1
2011_002005.jpg,tvmonitor,0.496,0.3466666666666667,0.696,0.6373333333333333,1
2011_002218.jpg,tvmonitor,0.102,0.06933333333333333,0.782,0.9173333333333333,1
2011_002268.jpg,tvmonitor,0.14,0.384,0.238,0.512,1
2011_002418.jpg,tvmonitor,0.066,0.0,0.666,0.5413333333333333,1
2011_002462.jpg,tvmonitor,0.634,0.2773333333333333,0.898,0.544,1
2011_002511.jpg,tvmonitor,0.746,0.0,0.998,0.31466666666666665,1
2011_002514.jpg,tvmonitor,0.284,0.15733333333333333,0.68,0.5653333333333334,1
2011_002554.jpg,tvmonitor,0.578,0.368,0.71,0.512,1
2011_002554.jpg,tvmonitor,0.428,0.376,0.556,0.512,1
2011_002554.jpg,tvmonitor,0.282,0.37066666666666664,0.404,0.504,1
2011_002560.jpg,tvmonitor,0.366,0.14133333333333334,0.63,0.4186666666666667,1
2011_002620.jpg,tvmonitor,0.338,0.3973333333333333,0.41,0.512,1
2011_002656.jpg,tvmonitor,0.09375,0.43452380952380953,0.26785714285714285,0.6577380952380952,1
2011_002726.jpg,tvmonitor,0.39,0.44,0.514,0.56,1
2011_002756.jpg,tvmonitor,0.874,0.18933333333333333,0.998,0.4266666666666667,1
2011_002775.jpg,tvmonitor,0.168,0.3333333333333333,0.356,0.5013333333333333,1
2011_002814.jpg,tvmonitor,0.168,0.4026666666666667,0.196,0.4613333333333333,1
2011_002842.jpg,tvmonitor,0.6604166666666667,0.2222222222222222,0.7479166666666667,0.34444444444444444,1
2011_002942.jpg,tvmonitor,0.222,0.10666666666666667,0.792,0.824,1
2011_002966.jpg,tvmonitor,0.062,0.0,0.414,0.248,1
2011_003047.jpg,tvmonitor,0.414,0.536,0.598,0.7786666666666666,1
2011_003194.jpg,tvmonitor,0.274,0.13149847094801223,0.532,0.5198776758409785,1
2011_003194.jpg,tvmonitor,0.0,0.14067278287461774,0.298,0.617737003058104,1
2011_003246.jpg,tvmonitor,0.09,0.2986666666666667,0.254,0.4826666666666667,1
